fold,fold_accuracy,fold_f1_score
1,0.9721428571428572,0.0
1,0.9721428571428572,0.0
2,0.9717857142857143,0.0
2,0.9717857142857143,0.0
